department,Year,Round1,Round2,Round3,CET,Round1Number,Round2Number,Round3Number,class
1,2022,0.8995,0.8995,0.8995,89.95,89.95,89.95,89.95,1
1,2022,0.8989,0.8841,0.892,89.95,88.41,88.41,89.2,1
1,2022,0.8841,0.8834,0.8841,89.95,88.34,88.34,88.41,1
1,2022,0.8823,0.88,0.88,89.95,88,88,88,1
1,2022,0.8794,0.8773,0.8773,87.8,87.73,87.73,87.73,2
1,2022,0.8731,0.8718,0.8728,87.8,87.18,87.18,87.28,2
1,2022,0.8728,0.8691,0.8718,87.8,86.91,86.91,87.18,2
1,2022,0.8718,0.8621,0.8613,89.95,86.21,86.21,86.13,1
1,2022,0.868,0.8613,0.8611,89.95,86.13,86.13,86.11,1
1,2022,0.8673,0.8611,0.8606,89.95,86.11,86.11,86.06,1
1,2022,0.8656,0.8606,0.8583,87.8,86.06,86.06,85.83,2
1,2022,0.8634,0.8594,0.8582,87.8,85.94,85.94,85.82,2
1,2022,0.8625,0.8589,0.8566,87.8,85.89,85.89,85.66,2
1,2022,0.8613,0.8583,0.856,87.8,85.83,85.83,85.6,2
1,2022,0.8589,0.8549,0.8537,87.8,85.49,85.49,85.37,2
1,2022,0.8589,0.8549,0.8531,85.56,85.49,85.49,85.31,3
1,2022,0.8583,0.8545,0.8529,87.8,85.45,85.45,85.29,2
1,2022,0.8583,0.8543,0.8526,89.95,85.43,85.43,85.26,1
1,2022,0.8577,0.8537,0.8526,89.95,85.37,85.37,85.26,1
1,2022,0.8574,0.8531,0.852,89.95,85.31,85.31,85.2,1
1,2022,0.8566,0.8526,0.8514,85.56,85.26,85.26,85.14,3
1,2022,0.856,0.8526,0.8497,87.8,85.26,85.26,84.97,2
1,2022,0.856,0.852,0.8494,87.8,85.2,85.2,84.94,2
1,2022,0.856,0.8519,0.8491,87.8,85.19,85.19,84.91,2
1,2022,0.8559,0.8514,0.8491,89.95,85.14,85.14,84.91,1
1,2022,0.8554,0.8509,0.8488,87.8,85.09,85.09,84.88,2
1,2022,0.8549,0.8497,0.8481,89.95,84.97,84.97,84.81,1
1,2022,0.8549,0.8497,0.848,89.95,84.97,84.97,84.8,1
1,2022,0.8543,0.8491,0.8474,89.95,84.91,84.91,84.74,1
1,2022,0.8537,0.8491,0.8469,89.95,84.91,84.91,84.69,1
1,2022,0.8531,0.8488,0.8469,89.95,84.88,84.88,84.69,1
1,2022,0.8491,0.8486,0.8469,81.82,84.86,84.86,84.69,4
1,2022,0.8481,0.8481,0.8463,87.8,84.81,84.81,84.63,2
1,2022,0.8469,0.848,0.8451,87.8,84.8,84.8,84.51,2
1,2022,0.8469,0.8469,0.8446,84.61,84.69,84.69,84.46,3
1,2022,0.8463,0.8469,0.844,87.8,84.69,84.69,84.4,2
1,2022,0.8457,0.8469,0.844,87.8,84.69,84.69,84.4,2
1,2022,0.8451,0.8463,0.844,87.8,84.63,84.63,84.4,2
1,2022,0.844,0.8463,0.8434,87.8,84.63,84.63,84.34,2
1,2022,0.844,0.8458,0.8434,87.8,84.58,84.58,84.34,2
1,2022,0.8434,0.8457,0.8429,87.8,84.57,84.57,84.29,2
1,2022,0.8429,0.8446,0.8423,87.8,84.46,84.46,84.23,2
1,2022,0.8417,0.844,0.8423,84.61,84.4,84.4,84.23,3
1,2022,0.8411,0.844,0.8417,87.8,84.4,84.4,84.17,2
1,2022,0.8406,0.8434,0.8411,83.17,84.34,84.34,84.11,3
1,2022,0.84,0.8429,0.84,87.8,84.29,84.29,84,2
1,2022,0.8383,0.8417,0.84,87.8,84.17,84.17,84,2
1,2022,0.8383,0.8411,0.84,87.8,84.11,84.11,84,2
1,2022,0.8366,0.8406,0.8389,87.8,84.06,84.06,83.89,2
1,2022,0.8326,0.84,0.8383,81.82,84,84,83.83,4
1,2022,0.8303,0.84,0.8383,85.56,84,84,83.83,3
1,2022,0.8297,0.8383,0.8366,81.82,83.83,83.83,83.66,4
1,2022,0.8291,0.8383,0.8326,81.82,83.83,83.83,83.26,4
1,2022,0.8269,0.8366,0.8326,81.82,83.66,83.66,83.26,4
1,2022,0.8236,0.8326,0.8297,81.82,83.26,83.26,82.97,4
1,2022,0.8213,0.8326,0.8269,85.56,83.26,83.26,82.69,3
1,2022,0.8194,0.8269,0.8211,84.61,82.69,82.69,82.11,3
1,2022,0.8149,0.8213,0.8211,81.82,82.13,82.13,82.11,4
1,2022,0.8143,0.8211,0.8175,81.82,82.11,82.11,81.75,4
1,2022,0.8109,0.8211,0.8166,81.82,82.11,82.11,81.66,4
2,2022,0.8795,0.9174,0.9174,90.47,91.74,91.74,91.74,1
2,2022,0.8247,0.8795,0.8795,90.47,87.95,87.95,87.95,1
2,2022,0.8237,0.85,0.8095,90.47,85,85,80.95,1
2,2022,0.8179,0.8061,0.8061,90.47,80.61,80.61,80.61,1
2,2022,0.8168,0.8053,0.8053,87.91,80.53,80.53,80.53,2
2,2022,0.81,0.7981,0.7981,90.47,79.81,79.81,79.81,1
2,2022,0.8068,0.7979,0.7979,90.47,79.79,79.79,79.79,1
2,2022,0.8061,0.7968,0.7968,75.22,79.68,79.68,79.68,4
2,2022,0.8032,0.7947,0.7947,90.47,79.47,79.47,79.47,1
2,2022,0.8011,0.7942,0.7942,87.91,79.42,79.42,79.42,2
2,2022,0.7979,0.7905,0.7926,90.47,79.05,79.05,79.26,1
2,2022,0.7979,0.79,0.7905,75.22,79,79,79.05,4
2,2022,0.7947,0.7879,0.7863,85.4,78.79,78.79,78.63,3
2,2022,0.7942,0.7863,0.7832,87.91,78.63,78.63,78.32,2
2,2022,0.7942,0.7832,0.7821,90.47,78.32,78.32,78.21,1
2,2022,0.7937,0.7821,0.782,87.91,78.21,78.21,78.2,2
2,2022,0.7926,0.782,0.7816,87.91,78.2,78.2,78.16,2
2,2022,0.7926,0.7816,0.7816,87.91,78.16,78.16,78.16,2
2,2022,0.7905,0.7816,0.7784,87.91,78.16,78.16,77.84,2
2,2022,0.7868,0.7784,0.7779,90.47,77.84,77.84,77.79,1
2,2022,0.7837,0.7779,0.7721,85.4,77.79,77.79,77.21,3
2,2022,0.7832,0.7721,0.7711,83.55,77.21,77.21,77.11,3
2,2022,0.782,0.7711,0.7705,83.55,77.11,77.11,77.05,3
2,2022,0.7816,0.7705,0.77,87.91,77.05,77.05,77,2
2,2022,0.7816,0.7705,0.7689,87.91,77.05,77.05,76.89,2
2,2022,0.7811,0.77,0.7674,90.47,77,77,76.74,1
2,2022,0.7784,0.7689,0.7632,75.22,76.89,76.89,76.32,4
2,2022,0.7779,0.7674,0.7632,87.91,76.74,76.74,76.32,2
2,2022,0.7763,0.7632,0.7621,87.91,76.32,76.32,76.21,2
2,2022,0.7756,0.7632,0.7619,75.22,76.32,76.32,76.19,4
2,2022,0.7732,0.7621,0.7616,90.47,76.21,76.21,76.16,1
2,2022,0.7721,0.7619,0.7611,87.91,76.19,76.19,76.11,2
2,2022,0.7711,0.7616,0.7605,87.91,76.16,76.16,76.05,2
2,2022,0.7705,0.7611,0.7568,80.45,76.11,76.11,75.68,3
2,2022,0.77,0.7542,0.7568,90.47,75.42,75.42,75.68,1
2,2022,0.7689,0.7537,0.7542,87.91,75.37,75.37,75.42,2
2,2022,0.7684,0.7526,0.7526,87.91,75.26,75.26,75.26,2
2,2022,0.7674,0.7511,0.75,90.47,75.11,75.11,75,1
2,2022,0.7668,0.75,0.7497,90.47,75,75,74.97,1
2,2022,0.7647,0.7411,0.7416,75.22,74.11,74.11,74.16,4
2,2022,0.7642,0.7405,0.7411,87.91,74.05,74.05,74.11,2
2,2022,0.7632,0.7395,0.7405,90.47,73.95,73.95,74.05,1
2,2022,0.7632,0.7374,0.7395,75.22,73.74,73.74,73.95,4
2,2022,0.7621,0.7358,0.7374,90.47,73.58,73.58,73.74,1
2,2022,0.7619,0.7353,0.7358,87.91,73.53,73.53,73.58,2
2,2022,0.7616,0.7342,0.7342,90.47,73.42,73.42,73.42,1
2,2022,0.7605,0.733,0.7321,87.91,73.3,73.3,73.21,2
2,2022,0.7585,0.7321,0.7316,90.47,73.21,73.21,73.16,1
2,2022,0.7579,0.7316,0.7316,90.47,73.16,73.16,73.16,1
2,2022,0.7579,0.7316,0.7314,75.22,73.16,73.16,73.14,4
2,2022,0.7568,0.7314,0.73,90.47,73.14,73.14,73,1
2,2022,0.7563,0.7295,0.7295,87.91,72.95,72.95,72.95,2
2,2022,0.7563,0.7289,0.7289,75.22,72.89,72.89,72.89,4
2,2022,0.7552,0.7284,0.7284,90.47,72.84,72.84,72.84,1
2,2022,0.7542,0.7253,0.7253,87.91,72.53,72.53,72.53,2
2,2022,0.7537,0.7253,0.7237,87.91,72.53,72.53,72.37,2
2,2022,0.7526,0.7247,0.7221,75.22,72.47,72.47,72.21,4
2,2022,0.7521,0.7237,0.7211,75.22,72.37,72.37,72.11,4
2,2022,0.75,0.7237,0.7205,90.47,72.37,72.37,72.05,1
2,2022,0.75,0.7221,0.7189,90.47,72.21,72.21,71.89,1
2,2022,0.75,0.7218,0.7184,90.47,72.18,72.18,71.84,1
2,2022,0.75,0.7205,0.7174,87.91,72.05,72.05,71.74,2
2,2022,0.75,0.7189,0.7153,83.55,71.89,71.89,71.53,3
2,2022,0.7426,0.7184,0.7147,90.47,71.84,71.84,71.47,1
2,2022,0.7421,0.7153,0.7126,90.47,71.53,71.53,71.26,1
2,2022,0.7411,0.7147,0.7116,90.47,71.47,71.47,71.16,1
2,2022,0.7379,0.7147,0.71,75.22,71.47,71.47,71,4
2,2022,0.7363,0.7132,0.7074,87.91,71.32,71.32,70.74,2
2,2022,0.7358,0.7126,0.7063,87.91,71.26,71.26,70.63,2
2,2022,0.7353,0.7116,0.7032,90.47,71.16,71.16,70.32,1
2,2022,0.7353,0.71,0.7026,90.47,71,71,70.26,1
2,2022,0.7347,0.7074,0.7021,75.22,70.74,70.74,70.21,4
2,2022,0.7326,0.7032,0.7005,87.91,70.32,70.32,70.05,2
2,2022,0.7326,0.7026,0.6989,90.47,70.26,70.26,69.89,1
2,2022,0.7321,0.7021,0.6984,90.47,70.21,70.21,69.84,1
2,2022,0.7316,0.7005,0.6947,87.91,70.05,70.05,69.47,2
2,2022,0.7316,0.6984,0.6895,90.47,69.84,69.84,68.95,1
2,2022,0.7305,0.6947,0.6879,90.47,69.47,69.47,68.79,1
2,2022,0.7295,0.6895,0.6863,90.47,68.95,68.95,68.63,1
2,2022,0.7289,0.6879,0.6821,85.4,68.79,68.79,68.21,3
2,2022,0.7289,0.68,0.6742,80.45,68,68,67.42,3
2,2022,0.7284,0.6742,0.6738,75.22,67.42,67.42,67.38,4
2,2022,0.7268,0.6738,0.6711,87.91,67.38,67.38,67.11,2
2,2022,0.7258,0.6711,0.6626,87.91,67.11,67.11,66.26,2
2,2022,0.7253,0.6689,0.6563,75.22,66.89,66.89,65.63,4
2,2022,0.725,0.6626,0.6421,85.4,66.26,66.26,64.21,3
2,2022,0.7237,0.6621,0.6347,87.91,66.21,66.21,63.47,2
2,2022,0.7226,0.6421,0.634,75.22,64.21,64.21,63.4,4
2,2022,0.7221,0.6405,0.6069,90.47,64.05,64.05,60.69,1
2,2022,0.7205,0.6347,0.6053,75.22,63.47,63.47,60.53,4
2,2022,0.7189,0.634,0.7074,83.55,63.4,63.4,70.74,3
2,2022,0.7147,0.6097,0.7063,87.91,60.97,60.97,70.63,2
2,2022,0.7144,0.6053,0.7032,80.45,60.53,60.53,70.32,3
2,2022,0.7121,0.7074,0.7026,75.22,70.74,70.74,70.26,4
2,2022,0.7116,0.7032,0.7021,75.22,70.32,70.32,70.21,4
2,2022,0.7116,0.7026,0.7005,87.91,70.26,70.26,70.05,2
2,2022,0.7116,0.7021,0.6989,75.22,70.21,70.21,69.89,4
2,2022,0.7111,0.7005,0.6984,75.22,70.05,70.05,69.84,4
2,2022,0.71,0.6984,0.6947,87.91,69.84,69.84,69.47,2
2,2022,0.7032,0.6947,0.6895,87.91,69.47,69.47,68.95,2
2,2022,0.7026,0.6895,0.6879,87.91,68.95,68.95,68.79,2
2,2022,0.7026,0.6879,0.6863,85.4,68.79,68.79,68.63,3
2,2022,0.7021,0.68,0.6821,90.47,68,68,68.21,1
2,2022,0.6979,0.6742,0.6742,80.45,67.42,67.42,67.42,3
2,2022,0.6947,0.6738,0.6738,87.91,67.38,67.38,67.38,2
2,2022,0.6937,0.6711,0.6711,83.55,67.11,67.11,67.11,3
2,2022,0.6895,0.6689,0.6626,87.91,66.89,66.89,66.26,2
2,2022,0.6879,0.6626,0.6563,87.91,66.26,66.26,65.63,2
2,2022,0.6863,0.6421,0.6347,83.55,64.21,64.21,63.47,3
2,2022,0.6705,0.6405,0.634,87.91,64.05,64.05,63.4,2
2,2022,0.6689,0.6347,0.6069,75.22,63.47,63.47,60.69,4
2,2022,0.6626,0.634,0.6053,85.4,63.4,63.4,60.53,3
2,2022,0.6621,0.6097,0.6626,87.91,60.97,60.97,66.26,2
2,2022,0.6565,0.6053,0.6563,80.45,60.53,60.53,65.63,3
2,2022,0.6421,0.6689,0.6421,75.22,66.89,66.89,64.21,4
2,2022,0.634,0.6626,0.6347,75.22,66.26,66.26,63.47,4
2,2022,0.6332,0.6621,0.634,83.55,66.21,66.21,63.4,3
2,2022,0.6176,0.6421,0.6069,75.22,64.21,64.21,60.69,4
2,2022,0.6053,0.6405,0.6053,87.91,64.05,64.05,60.53,2
2,2022,0.8258,0.8137,0.8137,95.88,81.37,81.37,81.37,1
2,2022,0.8216,0.7921,0.8111,95.88,79.21,79.21,81.11,1
2,2022,0.8153,0.7874,0.7921,95.88,78.74,78.74,79.21,1
2,2022,0.8137,0.7842,0.7874,95.88,78.42,78.42,78.74,1
2,2022,0.7921,0.7789,0.7789,95.88,77.89,77.89,77.89,1
2,2022,0.7874,0.7721,0.7726,90.76,77.21,77.21,77.26,2
2,2022,0.7863,0.7668,0.7721,95.88,76.68,76.68,77.21,1
2,2022,0.7832,0.7632,0.7668,95.88,76.32,76.32,76.68,1
2,2022,0.7826,0.75,0.7663,95.88,75,75,76.63,1
2,2022,0.7721,0.75,0.75,95.88,75,75,75,1
2,2022,0.7668,0.7258,0.75,95.88,72.58,72.58,75,1
2,2022,0.7663,0.7189,0.7258,90.76,71.89,71.89,72.58,2
2,2022,0.7542,0.7063,0.7189,95.88,70.63,70.63,71.89,1
2,2022,0.75,0.7058,0.7095,95.88,70.58,70.58,70.95,1
2,2022,0.75,0.6984,0.7063,95.88,69.84,69.84,70.63,1
2,2022,0.75,0.6968,0.7058,95.88,69.68,69.68,70.58,1
2,2022,0.7389,0.6958,0.6968,90.76,69.58,69.58,69.68,2
2,2022,0.7363,0.6937,0.6937,70.79,69.37,69.37,69.37,4
2,2022,0.7321,0.6911,0.6916,70.79,69.11,69.11,69.16,4
2,2022,0.7221,0.6895,0.6911,95.88,68.95,68.95,69.11,1
2,2022,0.7179,0.6832,0.6895,95.88,68.32,68.32,68.95,1
2,2022,0.7074,0.6742,0.6832,95.88,67.42,67.42,68.32,1
2,2022,0.7063,0.6737,0.6742,70.79,67.37,67.37,67.42,4
2,2022,0.7058,0.6721,0.6737,75.87,67.21,67.21,67.37,5
2,2022,0.7026,0.6716,0.6721,85.43,67.16,67.16,67.21,3
2,2022,0.7021,0.67,0.6716,95.88,67,67,67.16,1
2,2022,0.7,0.6689,0.6689,95.88,66.89,66.89,66.89,1
2,2022,0.6963,0.6684,0.6684,70.79,66.84,66.84,66.84,4
2,2022,0.6937,0.6663,0.6663,90.76,66.63,66.63,66.63,2
2,2022,0.6916,0.6453,0.6453,95.88,64.53,64.53,64.53,1
2,2022,0.6911,0.6206,0.6316,90.76,62.06,62.06,63.16,2
2,2022,0.6905,0.6115,0.6206,86.09,61.15,61.15,62.06,3
2,2022,0.6832,0.5795,0.6115,95.88,57.95,57.95,61.15,1
2,2022,0.68,0.4758,0.5795,90.76,47.58,47.58,57.95,2
2,2022,0.6737,0.6684,0.4758,70.79,66.84,66.84,47.58,4
2,2022,0.6716,0.6663,0.67,90.76,66.63,66.63,67,2
2,2022,0.6663,0.6453,0.6689,85.43,64.53,64.53,66.89,3
2,2022,0.6653,0.6316,0.6684,75.87,63.16,63.16,66.84,5
2,2022,0.6647,0.6206,0.6663,70.79,62.06,62.06,66.63,4
2,2022,0.6532,0.6115,0.6453,90.76,61.15,61.15,64.53,2
2,2022,0.6206,0.5795,0.6206,75.87,57.95,57.95,62.06,5
2,2022,0.6115,0.4758,0.6115,75.87,47.58,47.58,61.15,5
2,2022,0.6007,0.6206,0.5795,70.79,62.06,62.06,57.95,4
2,2022,0.4758,0.6115,0.4758,75.87,61.15,61.15,47.58,5
1,2022,0.9029,0.8874,0.8874,95.88,88.74,88.74,88.74,1
1,2022,0.8967,0.8869,0.8869,95.88,88.69,88.69,88.69,1
1,2022,0.8891,0.884,0.884,90.76,88.4,88.4,88.4,2
1,2022,0.8874,0.8811,0.8811,90.76,88.11,88.11,88.11,2
1,2022,0.8869,0.8806,0.8806,95.88,88.06,88.06,88.06,1
1,2022,0.8863,0.8783,0.8783,70.79,87.83,87.83,87.83,4
1,2022,0.8811,0.8783,0.8783,90.76,87.83,87.83,87.83,2
1,2022,0.8806,0.8694,0.8766,90.76,86.94,86.94,87.66,2
1,2022,0.8794,0.8691,0.8694,90.76,86.91,86.91,86.94,2
1,2022,0.8753,0.868,0.8691,95.88,86.8,86.8,86.91,1
1,2022,0.865,0.868,0.868,95.88,86.8,86.8,86.8,1
1,2022,0.8629,0.8667,0.868,70.79,86.67,86.67,86.8,4
1,2022,0.8617,0.8646,0.8667,95.88,86.46,86.46,86.67,1
1,2022,0.8594,0.8629,0.8629,95.88,86.29,86.29,86.29,1
1,2022,0.8474,0.8623,0.8623,70.79,86.23,86.23,86.23,4
1,2022,0.8423,0.8423,0.8423,85.43,84.23,84.23,84.23,3
1,2022,0.8309,0.8309,0.8309,86.09,83.09,83.09,83.09,3
1,2022,0.8223,0.8423,0.8629,95.88,84.23,84.23,86.29,1
3,2022,0.8379,0.8379,0.8379,85.43,83.79,83.79,83.79,3
3,2022,0.8138,0.8138,0.8138,95.88,81.38,81.38,81.38,1
3,2022,0.7985,0.7985,0.7985,90.76,79.85,79.85,79.85,2
3,2022,0.7856,0.7856,0.7974,81.66,78.56,78.56,79.74,3
3,2022,0.775,0.761,0.7856,70.79,76.1,76.1,78.56,4
3,2022,0.7692,0.7544,0.761,95.88,75.44,75.44,76.1,1
3,2022,0.761,0.7528,0.7544,90.76,75.28,75.28,75.44,2
3,2022,0.7544,0.7462,0.7528,85.43,74.62,74.62,75.28,3
3,2022,0.7528,0.7385,0.7528,70.79,73.85,73.85,75.28,4
3,2022,0.7497,0.7379,0.7462,95.88,73.79,73.79,74.62,1
3,2022,0.7497,0.7357,0.7357,95.88,73.57,73.57,73.57,1
3,2022,0.7462,0.7349,0.7349,70.79,73.49,73.49,73.49,4
3,2022,0.74,0.7276,0.7293,95.88,72.76,72.76,72.93,1
3,2022,0.7385,0.7195,0.7276,95.88,71.95,71.95,72.76,1
3,2022,0.7379,0.7135,0.7246,90.76,71.35,71.35,72.46,2
3,2022,0.7357,0.7128,0.7135,95.88,71.28,71.28,71.35,1
3,2022,0.7349,0.7108,0.7128,95.88,71.08,71.08,71.28,1
3,2022,0.7313,0.7036,0.7118,95.88,70.36,70.36,71.18,1
3,2022,0.7308,0.699,0.7036,95.88,69.9,69.9,70.36,1
3,2022,0.7293,0.6886,0.699,95.88,68.86,68.86,69.9,1
3,2022,0.7195,0.6876,0.6886,95.88,68.76,68.76,68.86,1
3,2022,0.7135,0.6821,0.6876,70.79,68.21,68.21,68.76,4
3,2022,0.7128,0.6621,0.6621,95.88,66.21,66.21,66.21,1
3,2022,0.7103,0.659,0.6465,95.88,65.9,65.9,64.65,1
3,2022,0.7092,0.6579,0.6379,95.88,65.79,65.79,63.79,1
3,2022,0.7051,0.6465,0.5229,95.88,64.65,64.65,52.29,1
3,2022,0.7036,0.6876,0.7126,70.79,68.76,68.76,71.26,4
3,2022,0.699,0.6821,0.6886,95.88,68.21,68.21,68.86,1
3,2022,0.6886,0.6621,0.6876,95.88,66.21,66.21,68.76,1
3,2022,0.6579,0.659,0.6621,70.79,65.9,65.9,66.21,4
3,2022,0.6569,0.6579,0.6465,90.76,65.79,65.79,64.65,2
3,2022,0.6465,0.6465,0.6379,70.79,64.65,64.65,63.79,4
2,2022,0.8609,0.8387,0.8387,99.61,83.87,83.87,83.87,1
2,2022,0.8474,0.815,0.815,99.61,81.5,81.5,81.5,1
2,2022,0.8469,0.8126,0.8126,99.61,81.26,81.26,81.26,1
2,2022,0.8387,0.8026,0.8026,88.76,80.26,80.26,80.26,3
2,2022,0.815,0.7974,0.7921,99.61,79.74,79.74,79.21,1
2,2022,0.8126,0.7921,0.7842,80.2,79.21,79.21,78.42,4
2,2022,0.8072,0.7842,0.7832,99.61,78.42,78.42,78.32,1
2,2022,0.8016,0.7832,0.7813,91.34,78.32,78.32,78.13,2
2,2022,0.8016,0.7711,0.7711,99.61,77.11,77.11,77.11,1
2,2022,0.801,0.7647,0.7632,80.2,76.47,76.47,76.32,4
2,2022,0.7979,0.75,0.7613,80.2,75,75,76.13,4
2,2022,0.7974,0.75,0.7511,88.76,75,75,75.11,3
2,2022,0.7921,0.7411,0.75,99.61,74.11,74.11,75,1
2,2022,0.7842,0.7347,0.75,88.76,73.47,73.47,75,3
2,2022,0.7832,0.7332,0.7442,99.61,73.32,73.32,74.42,1
2,2022,0.7826,0.7326,0.7411,99.61,73.26,73.26,74.11,1
2,2022,0.7821,0.7305,0.7368,99.61,73.05,73.05,73.68,1
2,2022,0.7779,0.7274,0.7347,84.99,72.74,72.74,73.47,3
2,2022,0.7711,0.7242,0.7332,91.34,72.42,72.42,73.32,2
2,2022,0.7632,0.7232,0.7326,99.61,72.32,72.32,73.26,1
2,2022,0.7611,0.7164,0.7305,99.61,71.64,71.64,73.05,1
2,2022,0.7568,0.7121,0.7274,99.61,71.21,71.21,72.74,1
2,2022,0.7511,0.7068,0.7218,88.9,70.68,70.68,72.18,3
2,2022,0.75,0.7011,0.7164,91.34,70.11,70.11,71.64,2
2,2022,0.75,0.7011,0.7088,99.61,70.11,70.11,70.88,1
2,2022,0.7433,0.6916,0.7074,99.61,69.16,69.16,70.74,1
2,2022,0.7394,0.6916,0.7011,99.61,69.16,69.16,70.11,1
2,2022,0.7368,0.69,0.6916,99.61,69,69,69.16,1
2,2022,0.7326,0.6895,0.69,99.61,68.95,68.95,69,1
2,2022,0.7305,0.6816,0.6895,91.34,68.16,68.16,68.95,2
2,2022,0.7274,0.68,0.6816,88.9,68,68,68.16,3
2,2022,0.7232,0.679,0.679,99.61,67.9,67.9,67.9,1
2,2022,0.7218,0.6738,0.6753,99.61,67.38,67.38,67.53,1
2,2022,0.7205,0.67,0.6738,99.61,67,67,67.38,1
2,2022,0.7168,0.67,0.67,91.34,67,67,67,2
2,2022,0.7168,0.6659,0.6674,99.61,66.59,66.59,66.74,1
2,2022,0.7142,0.6612,0.6659,91.34,66.12,66.12,66.59,2
2,2022,0.71,0.6537,0.6612,99.61,65.37,65.37,66.12,1
2,2022,0.7089,0.6289,0.6574,91.34,62.89,62.89,65.74,2
2,2022,0.7074,0.6237,0.6411,99.61,62.37,62.37,64.11,1
2,2022,0.7068,0.6118,0.6349,80.2,61.18,61.18,63.49,4
2,2022,0.6958,0.5836,0.6118,91.34,58.36,58.36,61.18,2
2,2022,0.6926,0.575,0.6007,99.61,57.5,57.5,60.07,1
2,2022,0.6916,0.5545,0.6,99.61,55.45,55.45,60,1
2,2022,0.69,0.5537,0.5836,91.34,55.37,55.37,58.36,2
2,2022,0.6895,0.5295,0.5805,99.61,52.95,52.95,58.05,1
2,2022,0.6874,0.6916,0.7074,99.61,69.16,69.16,70.74,1
2,2022,0.6868,0.6916,0.7011,99.61,69.16,69.16,70.11,1
2,2022,0.6816,0.69,0.6916,99.61,69,69,69.16,1
2,2022,0.6816,0.69,0.69,80.2,69,69,69,4
2,2022,0.6742,0.6816,0.6895,99.61,68.16,68.16,68.95,1
2,2022,0.6738,0.68,0.6816,99.61,68,68,68.16,1
2,2022,0.6732,0.679,0.679,99.61,67.9,67.9,67.9,1
2,2022,0.67,0.6738,0.6753,99.61,67.38,67.38,67.53,1
2,2022,0.67,0.67,0.6738,99.61,67,67,67.38,1
2,2022,0.6659,0.67,0.67,99.61,67,67,67,1
2,2022,0.6647,0.6659,0.6674,99.61,66.59,66.59,66.74,1
2,2022,0.6612,0.6612,0.6659,99.61,66.12,66.12,66.59,1
2,2022,0.6568,0.6537,0.6612,91.34,65.37,65.37,66.12,2
2,2022,0.6405,0.6289,0.6574,91.34,62.89,62.89,65.74,2
2,2022,0.6189,0.6237,0.6411,84.99,62.37,62.37,64.11,3
2,2022,0.6118,0.6118,0.6349,91.34,61.18,61.18,63.49,2
2,2022,0.6,0.6,0.6289,91.34,60,60,62.89,2
2,2022,0.6,0.5836,0.6118,99.61,58.36,58.36,61.18,1
2,2022,0.6,0.575,0.6007,59.19,57.5,57.5,60.07,2
2,2022,0.575,0.5545,0.6,80.2,55.45,55.45,60,4
2,2022,0.5545,0.5537,0.5836,80.2,55.37,55.37,58.36,4
2,2022,0.5468,0.5295,0.5805,99.61,52.95,52.95,58.05,1
2,2022,0.9511,0.9511,0.9511,95.11,95.11,95.11,95.11,2
2,2022,0.9084,0.9084,0.9084,80.53,90.84,90.84,90.84,4
2,2022,0.8879,0.8588,0.8588,86.85,85.88,85.88,85.88,2
2,2022,0.8721,0.8584,0.8584,97.61,85.84,85.84,85.84,1
2,2022,0.8588,0.8553,0.8553,97.61,85.53,85.53,85.53,1
2,2022,0.8553,0.8511,0.8511,97.61,85.11,85.11,85.11,1
2,2022,0.8511,0.845,0.845,97.61,84.5,84.5,84.5,1
2,2022,0.845,0.8395,0.8353,97.61,83.95,83.95,83.53,1
2,2022,0.8389,0.8353,0.8345,97.61,83.53,83.53,83.45,1
2,2022,0.8353,0.8345,0.8327,97.61,83.45,83.45,83.27,1
2,2022,0.8327,0.8258,0.82,80.53,82.58,82.58,82,4
2,2022,0.83,0.82,0.82,97.61,82,82,82,1
2,2022,0.82,0.8163,0.8163,86.76,81.63,81.63,81.63,3
2,2022,0.8132,0.8132,0.8132,86.76,81.32,81.32,81.32,3
2,2022,0.8053,0.8053,0.8053,80.53,80.53,80.53,80.53,4
2,2022,0.7979,0.8042,0.7953,97.61,80.42,80.42,79.53,1
2,2022,0.7932,0.7926,0.7926,95.11,79.26,79.26,79.26,2
2,2022,0.7932,0.79,0.79,97.61,79,79,79,1
2,2022,0.7916,0.782,0.7863,97.61,78.2,78.2,78.63,1
2,2022,0.79,0.78,0.782,97.61,78,78,78.2,1
2,2022,0.7863,0.7789,0.78,97.61,77.89,77.89,78,1
2,2022,0.7816,0.7763,0.7789,97.61,77.63,77.63,77.89,1
2,2022,0.78,0.7745,0.7763,97.61,77.45,77.45,77.63,1
2,2022,0.7789,0.7721,0.7745,97.61,77.21,77.21,77.45,1
2,2022,0.7763,0.7637,0.7721,95.11,76.37,76.37,77.21,2
2,2022,0.7745,0.7632,0.7637,97.61,76.32,76.32,76.37,1
2,2022,0.7637,0.7616,0.7618,97.61,76.16,76.16,76.18,1
2,2022,0.7632,0.7595,0.7616,97.61,75.95,75.95,76.16,1
2,2022,0.7618,0.7589,0.7595,80.53,75.89,75.89,75.95,4
2,2022,0.7616,0.7574,0.7589,80.53,75.74,75.74,75.89,4
2,2022,0.7595,0.7568,0.7574,97.61,75.68,75.68,75.74,1
2,2022,0.7589,0.7521,0.7568,80.53,75.21,75.21,75.68,4
2,2022,0.7589,0.7521,0.7521,97.61,75.21,75.21,75.21,1
2,2022,0.7574,0.75,0.7521,80.53,75,75,75.21,4
2,2022,0.7568,0.75,0.75,95.11,75,75,75,2
2,2022,0.7553,0.75,0.75,95.11,75,75,75,2
2,2022,0.7542,0.75,0.75,97.61,75,75,75,1
2,2022,0.7521,0.75,0.75,80.53,75,75,75,4
2,2022,0.7521,0.7437,0.75,83.67,74.37,74.37,75,3
2,2022,0.75,0.7432,0.7437,83.67,74.32,74.32,74.37,3
2,2022,0.75,0.7426,0.7432,97.61,74.26,74.26,74.32,1
2,2022,0.75,0.7268,0.7353,97.61,72.68,72.68,73.53,1
2,2022,0.75,0.7247,0.7268,90.87,72.47,72.47,72.68,3
2,2022,0.75,0.7242,0.7268,97.61,72.42,72.42,72.68,1
2,2022,0.7437,0.7211,0.7247,97.61,72.11,72.11,72.47,1
2,2022,0.7426,0.7205,0.7211,97.61,72.05,72.05,72.11,1
2,2022,0.7405,0.7189,0.7205,80.53,71.89,71.89,72.05,4
2,2022,0.74,0.7184,0.7184,95.11,71.84,71.84,71.84,2
2,2022,0.7353,0.7168,0.7168,95.11,71.68,71.68,71.68,2
2,2022,0.7337,0.7095,0.7147,80.53,70.95,70.95,71.47,4
2,2022,0.7289,0.7095,0.7095,80.53,70.95,70.95,70.95,4
2,2022,0.7211,0.7089,0.7095,95.11,70.89,70.89,70.95,2
2,2022,0.7211,0.7016,0.7089,80.53,70.16,70.16,70.89,4
2,2022,0.7205,0.7011,0.7021,80.53,70.11,70.11,70.21,4
2,2022,0.7189,0.6958,0.7016,97.61,69.58,69.58,70.16,1
2,2022,0.7126,0.6921,0.6958,95.11,69.21,69.21,69.58,2
2,2022,0.7089,0.6921,0.6921,80.53,69.21,69.21,69.21,4
2,2022,0.7016,0.6921,0.6921,80.53,69.21,69.21,69.21,4
2,2022,0.6926,0.6905,0.6905,97.61,69.05,69.05,69.05,1
2,2022,0.6921,0.69,0.69,95.11,69,69,69,2
2,2022,0.6905,0.6897,0.6897,86.76,68.97,68.97,68.97,3
2,2022,0.6903,0.6726,0.6749,80.53,67.26,67.26,67.49,4
2,2022,0.6865,0.6726,0.6726,97.61,67.26,67.26,67.26,1
2,2022,0.6789,0.6726,0.6726,80.53,67.26,67.26,67.26,4
2,2022,0.6768,0.6711,0.6711,97.61,67.11,67.11,67.11,1
2,2022,0.6749,0.6674,0.6674,97.61,66.74,66.74,66.74,1
2,2022,0.6679,0.6616,0.6616,97.61,66.16,66.16,66.16,1
2,2022,0.6648,0.6576,0.6576,97.61,65.76,65.76,65.76,1
2,2022,0.66,0.6537,0.6537,80.53,65.37,65.37,65.37,4
2,2022,0.6589,0.6531,0.6531,80.53,65.31,65.31,65.31,4
2,2022,0.6576,0.6527,0.6527,95.11,65.27,65.27,65.27,2
2,2022,0.6526,0.6437,0.6526,95.11,64.37,64.37,65.26,2
2,2022,0.6437,0.6424,0.6437,97.61,64.24,64.24,64.37,1
2,2022,0.6374,0.6379,0.6424,90.87,63.79,63.79,64.24,3
2,2022,0.6295,0.6374,0.6379,95.11,63.74,63.74,63.79,2
2,2022,0.6261,0.6345,0.6374,95.11,63.45,63.45,63.74,2
2,2022,0.6061,0.6333,0.6345,80.53,63.33,63.33,63.45,4
2,2022,0.6,0.6261,0.6295,80.53,62.61,62.61,62.95,4
2,2022,0.5491,0.6247,0.6261,95.11,62.47,62.47,62.61,2
2,2022,0.5406,0.619,0.6247,86.76,61.9,61.9,62.47,3
1,2022,0.9287,0.9173,0.9173,92.11,91.73,91.73,91.73,1
1,2022,0.9173,0.9173,0.9171,92.11,91.73,91.73,91.71,1
1,2022,0.9171,0.9171,0.913,92.11,91.71,91.71,91.3,1
1,2022,0.913,0.913,0.9124,92.11,91.3,91.3,91.24,1
1,2022,0.9124,0.9124,0.9114,90.97,91.24,91.24,91.14,2
1,2022,0.9114,0.9114,0.908,90.97,91.14,91.14,90.8,2
1,2022,0.9113,0.908,0.9063,90.97,90.8,90.8,90.63,2
1,2022,0.9023,0.9023,0.9023,78.76,90.23,90.23,90.23,4
1,2022,0.902,0.8874,0.8874,92.11,88.74,88.74,88.74,1
1,2022,0.9013,0.878,0.878,92.11,87.8,87.8,87.8,1
1,2022,0.8874,0.873,0.873,80.39,87.3,87.3,87.3,3
1,2022,0.878,0.8573,0.8573,78.76,85.73,85.73,85.73,4
1,2022,0.873,0.8303,0.8303,87.65,83.03,83.03,83.03,3
4,2022,0.9246,0.9143,0.9143,92.11,91.43,91.43,91.43,1
4,2022,0.9094,0.9088,0.9088,92.11,90.88,90.88,90.88,1
4,2022,0.9088,0.9087,0.9087,92.11,90.87,90.87,90.87,1
4,2022,0.9074,0.9074,0.9074,92.11,90.74,90.74,90.74,1
4,2022,0.9067,0.9067,0.9067,90.67,90.67,90.67,90.67,2
4,2022,0.9051,0.9023,0.9023,90.97,90.23,90.23,90.23,2
4,2022,0.9011,0.8891,0.8891,89.31,88.91,88.91,88.91,2
4,2022,0.9011,0.8744,0.8744,78.76,87.44,87.44,87.44,4
4,2022,0.884,0.8713,0.8713,92.11,87.13,87.13,87.13,1
4,2022,0.878,0.84,0.84,92.11,84,84,84,1
4,2022,0.8713,0.8287,0.8287,80.39,82.87,82.87,82.87,3
4,2022,0.84,0.8006,0.8006,78.76,80.06,80.06,80.06,4
4,2022,0.8287,0.8005,0.8005,87.65,80.05,80.05,80.05,3
2,2022,0.9219,0.9037,0.9037,90.97,90.37,90.37,90.37,2
2,2022,0.8947,0.8947,0.8947,92.11,89.47,89.47,89.47,1
2,2022,0.8889,0.8821,0.8821,78.76,88.21,88.21,88.21,4
2,2022,0.8842,0.8779,0.8779,90.97,87.79,87.79,87.79,2
2,2022,0.8821,0.8768,0.8779,92.11,87.68,87.68,87.79,1
2,2022,0.8811,0.8737,0.8768,92.11,87.37,87.37,87.68,1
2,2022,0.8779,0.8688,0.8737,92.11,86.88,86.88,87.37,1
2,2022,0.8768,0.8668,0.8688,92.11,86.68,86.68,86.88,1
2,2022,0.8763,0.8642,0.8668,87.65,86.42,86.42,86.68,3
2,2022,0.8737,0.8632,0.8642,90.97,86.32,86.32,86.42,2
2,2022,0.8711,0.8632,0.8637,92.11,86.32,86.32,86.37,1
2,2022,0.8688,0.8605,0.8632,90.97,86.05,86.05,86.32,2
2,2022,0.8684,0.8595,0.8632,92.11,85.95,85.95,86.32,1
2,2022,0.8668,0.8563,0.8605,90.97,85.63,85.63,86.05,2
2,2022,0.8642,0.8547,0.8595,92.11,85.47,85.47,85.95,1
2,2022,0.8632,0.8547,0.8547,90.97,85.47,85.47,85.47,2
2,2022,0.8632,0.852,0.8547,92.11,85.2,85.2,85.47,1
2,2022,0.8625,0.8509,0.852,90.97,85.09,85.09,85.2,2
2,2022,0.8621,0.8505,0.8509,92.11,85.05,85.05,85.09,1
2,2022,0.8605,0.85,0.8505,92.11,85,85,85.05,1
2,2022,0.86,0.8495,0.85,92.11,84.95,84.95,85,1
2,2022,0.8595,0.8494,0.8495,92.11,84.94,84.94,84.95,1
2,2022,0.8589,0.8474,0.8494,90.97,84.74,84.74,84.94,2
2,2022,0.8511,0.8468,0.8474,90.97,84.68,84.68,84.74,2
2,2022,0.8505,0.8463,0.8468,78.76,84.63,84.63,84.68,4
2,2022,0.85,0.8458,0.8463,92.11,84.58,84.58,84.63,1
2,2022,0.8495,0.8458,0.8458,92.11,84.58,84.58,84.58,1
2,2022,0.8494,0.8453,0.8458,92.11,84.53,84.53,84.58,1
2,2022,0.8468,0.8442,0.8453,90.97,84.42,84.42,84.53,2
2,2022,0.8453,0.8432,0.8442,92.11,84.32,84.32,84.42,1
2,2022,0.8442,0.8426,0.8432,92.11,84.26,84.26,84.32,1
2,2022,0.8426,0.8426,0.8426,90.97,84.26,84.26,84.26,2
2,2022,0.8426,0.8416,0.8426,92.11,84.16,84.16,84.26,1
2,2022,0.8421,0.84,0.8416,78.76,84,84,84.16,4
2,2022,0.8419,0.8389,0.84,92.11,83.89,83.89,84,1
2,2022,0.8416,0.8384,0.8389,78.76,83.84,83.84,83.89,4
2,2022,0.8333,0.8333,0.8384,90.97,83.33,83.33,83.84,2
2,2022,0.8326,0.8326,0.8326,90.97,83.26,83.26,83.26,2
2,2022,0.8316,0.8326,0.8326,90.97,83.26,83.26,83.26,2
2,2022,0.8305,0.8316,0.8316,87.65,83.16,83.16,83.16,3
2,2022,0.83,0.8316,0.8316,80.39,83.16,83.16,83.16,3
2,2022,0.8274,0.8315,0.8311,90.97,83.15,83.15,83.11,2
2,2022,0.8263,0.8311,0.8305,90.97,83.11,83.11,83.05,2
2,2022,0.8242,0.8305,0.83,90.97,83.05,83.05,83,2
2,2022,0.8242,0.83,0.8274,90.97,83,83,82.74,2
2,2022,0.8237,0.8295,0.8242,90.97,82.95,82.95,82.42,2
2,2022,0.8221,0.8294,0.8242,82.52,82.94,82.94,82.42,3
2,2022,0.82,0.8274,0.8242,78.76,82.74,82.74,82.42,4
2,2022,0.82,0.8242,0.82,82.52,82.42,82.42,82,3
2,2022,0.8189,0.8242,0.82,90.97,82.42,82.42,82,2
2,2022,0.8184,0.8242,0.8189,82.05,82.42,82.42,81.89,2
2,2022,0.818,0.82,0.8184,78.76,82,82,81.84,4
2,2022,0.8174,0.82,0.8179,90.97,82,82,81.79,2
2,2022,0.8168,0.8184,0.8168,80.39,81.84,81.84,81.68,3
2,2022,0.8167,0.8168,0.8167,90.97,81.68,81.68,81.67,2
2,2022,0.8163,0.8168,0.8163,90.97,81.68,81.68,81.63,2
2,2022,0.8105,0.8163,0.8121,78.76,81.63,81.63,81.21,4
2,2022,0.81,0.8121,0.8105,90.97,81.21,81.21,81.05,2
2,2022,0.8089,0.8105,0.81,78.76,81.05,81.05,81,4
2,2022,0.8053,0.81,0.8089,90.97,81,81,80.89,2
2,2022,0.7989,0.8089,0.8053,78.76,80.89,80.89,80.53,4
2,2022,0.7947,0.8053,0.7947,78.76,80.53,80.53,79.47,4
2,2022,0.7947,0.7947,0.7947,87.65,79.47,79.47,79.47,3
2,2022,0.7932,0.7947,0.7932,78.76,79.47,79.47,79.32,4
2,2022,0.7824,0.7932,0.7824,78.76,79.32,79.32,78.24,4
4,2022,0.9129,0.9206,0.9206,92.11,92.06,92.06,92.06,1
4,2022,0.9113,0.9129,0.9129,90.97,91.29,91.29,91.29,2
4,2022,0.9113,0.9113,0.9113,92.11,91.13,91.13,91.13,1
4,2022,0.9109,0.9106,0.9106,92.11,91.06,91.06,91.06,1
4,2022,0.9106,0.9103,0.9103,92.11,91.03,91.03,91.03,1
4,2022,0.9103,0.9081,0.9081,90.97,90.81,90.81,90.81,2
4,2022,0.9081,0.9076,0.9076,90.97,90.76,90.76,90.76,2
4,2022,0.9076,0.9072,0.9072,90.97,90.72,90.72,90.72,2
4,2022,0.9075,0.8971,0.8971,92.11,89.71,89.71,89.71,1
4,2022,0.9072,0.8947,0.8947,90.97,89.47,89.47,89.47,2
4,2022,0.9063,0.8937,0.8937,92.11,89.37,89.37,89.37,1
4,2022,0.8971,0.8713,0.8713,87.65,87.13,87.13,87.13,3
4,2022,0.8947,0.8294,0.8294,82.52,82.94,82.94,82.94,3
4,2022,0.8937,0.7763,0.7763,78.76,77.63,77.63,77.63,4
2,2022,0.8753,0.8753,0.8753,87.53,87.53,87.53,87.53,1
2,2022,0.8268,0.8474,0.8474,87.53,84.74,84.74,84.74,1
2,2022,0.8258,0.8258,0.8258,87.53,82.58,82.58,82.58,1
2,2022,0.8,0.8132,0.8132,75.75,81.32,81.32,81.32,4
2,2022,0.7832,0.8078,0.8116,87.53,80.78,80.78,81.16,1
2,2022,0.7726,0.8,0.8078,87.53,80,80,80.78,1
2,2022,0.7721,0.7726,0.8,75.75,77.26,77.26,80,4
2,2022,0.7642,0.7721,0.7726,75.75,77.21,77.21,77.26,4
2,2022,0.7632,0.7568,0.7721,75.75,75.68,75.68,77.21,4
2,2022,0.7574,0.7526,0.7568,87.53,75.26,75.26,75.68,1
2,2022,0.7526,0.7507,0.7526,75.75,75.07,75.07,75.26,4
2,2022,0.7521,0.75,0.7507,78.87,75,75,75.07,3
2,2022,0.7521,0.75,0.75,87.53,75,75,75,1
2,2022,0.7507,0.7432,0.75,87.53,74.32,74.32,75,1
2,2022,0.75,0.7406,0.75,75.75,74.06,74.06,75,4
2,2022,0.75,0.7389,0.7432,85.21,73.89,73.89,74.32,2
2,2022,0.7432,0.7289,0.7406,87.53,72.89,72.89,74.06,1
2,2022,0.7432,0.7271,0.7389,87.53,72.71,72.71,73.89,1
2,2022,0.7406,0.7242,0.7289,83.65,72.42,72.42,72.89,3
2,2022,0.7405,0.7168,0.7271,87.53,71.68,71.68,72.71,1
2,2022,0.7271,0.7153,0.7153,85.21,71.53,71.53,71.53,2
2,2022,0.7242,0.7058,0.7058,87.53,70.58,70.58,70.58,1
2,2022,0.7237,0.7011,0.7016,87.53,70.11,70.11,70.16,1
2,2022,0.7212,0.6974,0.7011,87.53,69.74,69.74,70.11,1
2,2022,0.712,0.6889,0.6974,87.53,68.89,68.89,69.74,1
2,2022,0.7058,0.6811,0.6905,87.53,68.11,68.11,69.05,1
2,2022,0.7016,0.6753,0.69,75.75,67.53,67.53,69,4
2,2022,0.6974,0.6595,0.6889,87.53,65.95,65.95,68.89,1
2,2022,0.6968,0.6566,0.6811,87.53,65.66,65.66,68.11,1
2,2022,0.6942,0.6547,0.6758,87.53,65.47,65.47,67.58,1
2,2022,0.6926,0.6539,0.6753,85.21,65.39,65.39,67.53,2
2,2022,0.6889,0.6532,0.67,85.21,65.32,65.32,67,2
2,2022,0.6811,0.6511,0.6689,85.21,65.11,65.11,66.89,2
2,2022,0.6805,0.6511,0.6595,80.8,65.11,65.11,65.95,3
2,2022,0.6547,0.6321,0.6547,87.53,63.21,63.21,65.47,1
2,2022,0.6511,0.6316,0.6511,75.75,63.16,63.16,65.11,4
2,2022,0.6321,0.6088,0.6511,87.53,60.88,60.88,65.11,1
2,2022,0.5921,0.5921,0.6321,75.75,59.21,59.21,63.21,4
2,2022,0.5879,0.5879,0.6088,85.21,58.79,58.79,60.88,2
2,2022,0.565,0.5752,0.5921,75.75,57.52,57.52,59.21,4
2,2022,0.5325,0.565,0.5879,85.21,56.5,56.5,58.79,2
4,2022,0.9044,0.9044,0.9044,87.53,90.44,90.44,90.44,1
4,2022,0.8983,0.8983,0.8983,87.53,89.83,89.83,89.83,1
4,2022,0.8914,0.8697,0.8713,87.53,86.97,86.97,87.13,1
4,2022,0.8703,0.8694,0.8697,85.21,86.94,86.94,86.97,2
4,2022,0.8634,0.8669,0.8623,85.21,86.69,86.69,86.23,2
4,2022,0.8538,0.8623,0.8543,87.53,86.23,86.23,85.43,1
4,2022,0.8531,0.8371,0.8371,87.53,83.71,83.71,83.71,1
1,2022,0.944,0.944,0.944,94.4,94.4,94.4,94.4,1
1,2022,0.9167,0.9027,0.9027,94.4,90.27,90.27,90.27,1
1,2022,0.904,0.9,0.9,94.4,90,90,90,1
1,2022,0.9027,0.8977,0.8977,89.93,89.77,89.77,89.77,2
1,2022,0.9006,0.8967,0.8967,94.4,89.67,89.67,89.67,1
1,2022,0.9,0.8966,0.8966,89.93,89.66,89.66,89.66,2
1,2022,0.8971,0.8959,0.8959,89.93,89.59,89.59,89.59,2
1,2022,0.8969,0.8937,0.8937,94.4,89.37,89.37,89.37,1
1,2022,0.8959,0.8937,0.8937,80.78,89.37,89.37,89.37,4
1,2022,0.8944,0.8914,0.8914,94.4,89.14,89.14,89.14,1
1,2022,0.8937,0.8731,0.8731,89.93,87.31,87.31,87.31,2
1,2022,0.8935,0.8634,0.8634,94.4,86.34,86.34,86.34,1
1,2022,0.8914,0.8634,0.8634,89.93,86.34,86.34,86.34,2
1,2022,0.8731,0.7377,0.7377,80.78,73.77,73.77,73.77,4
1,2022,0.9067,0.7338,0.7338,89.93,73.38,73.38,73.38,2
4,2022,0.8977,0.8966,0.8966,94.4,89.66,89.66,89.66,1
4,2022,0.8966,0.8943,0.8943,94.4,89.43,89.43,89.43,1
4,2022,0.8908,0.8891,0.8891,94.4,88.91,88.91,88.91,1
4,2022,0.8857,0.8857,0.8857,89.93,88.57,88.57,88.57,2
4,2022,0.8703,0.8703,0.8703,80.78,87.03,87.03,87.03,4
4,2022,0.8389,0.8389,0.8389,83.89,83.89,83.89,83.89,3
2,2022,0.952,0.952,0.952,95.2,95.2,95.2,95.2,1
2,2022,0.9284,0.899,0.899,90.88,89.9,89.9,89.9,2
2,2022,0.9237,0.895,0.895,85.88,89.5,89.5,89.5,3
2,2022,0.9174,0.8895,0.8895,83.83,88.95,88.95,88.95,3
2,2022,0.9079,0.8879,0.8879,90.88,88.79,88.79,88.79,2
2,2022,0.906,0.8853,0.8853,95.2,88.53,88.53,88.53,1
2,2022,0.9037,0.8821,0.8821,80.93,88.21,88.21,88.21,4
2,2022,0.899,0.8805,0.8805,88.44,88.05,88.05,88.05,3
2,2022,0.8989,0.8726,0.8726,83.83,87.26,87.26,87.26,3
2,2022,0.8979,0.87,0.87,95.2,87,87,87,1
2,2022,0.8953,0.869,0.869,95.2,86.9,86.9,86.9,1
2,2022,0.895,0.8684,0.8675,90.88,86.84,86.84,86.75,2
2,2022,0.8925,0.8675,0.8663,83.83,86.75,86.75,86.63,3
2,2022,0.8895,0.8663,0.8647,80.93,86.63,86.63,86.47,4
2,2022,0.8879,0.8647,0.8631,90.88,86.47,86.47,86.31,2
2,2022,0.8832,0.8631,0.8605,95.2,86.31,86.31,86.05,1
2,2022,0.8805,0.8579,0.8579,90.88,85.79,85.79,85.79,2
2,2022,0.8774,0.8563,0.8563,95.2,85.63,85.63,85.63,1
2,2022,0.8768,0.85,0.85,80.93,85,85,85,2
2,2022,0.8753,0.8447,0.8447,95.2,84.47,84.47,84.47,1
2,2022,0.8705,0.8437,0.8437,95.2,84.37,84.37,84.37,1
2,2022,0.87,0.8432,0.8432,80.93,84.32,84.32,84.32,4
2,2022,0.869,0.8421,0.8421,80.93,84.21,84.21,84.21,4
2,2022,0.8679,0.8375,0.8375,90.88,83.75,83.75,83.75,2
2,2022,0.8663,0.8332,0.8332,90.88,83.32,83.32,83.32,2
2,2022,0.8631,0.8263,0.8019,83.83,82.63,82.63,80.19,3
2,2022,0.8574,0.7668,0.7668,90.88,76.68,76.68,76.68,2
2,2022,0.8563,0.7663,0.7663,80.93,76.63,76.63,76.63,4
2,2022,0.85,0.7595,0.7595,85.88,75.95,75.95,75.95,3
2,2022,0.8447,0.75,0.7374,90.88,75,75,73.74,2
2,2022,0.8421,0.6584,0.6584,90.88,65.84,65.84,65.84,2
2,2022,0.8332,0.8979,0.8979,80.93,89.79,89.79,89.79,4
2,2022,0.7668,0.8832,0.8832,88.44,88.32,88.32,88.32,3
2,2022,0.6584,0.8668,0.8668,88.44,86.68,86.68,86.68,3
1,2022,0.9588,0.9588,0.9588,95.88,95.88,95.88,95.88,1
1,2022,0.9543,0.9506,0.9506,95.88,95.06,95.06,95.06,1
1,2022,0.953,0.9503,0.9503,95.88,95.03,95.03,95.03,1
1,2022,0.952,0.9487,0.9487,95.88,94.87,94.87,94.87,1
1,2022,0.9506,0.946,0.946,94.75,94.6,94.6,94.6,2
1,2022,0.9503,0.945,0.945,94.75,94.5,94.5,94.5,2
1,2022,0.9487,0.9447,0.9447,95.88,94.47,94.47,94.47,1
1,2022,0.9467,0.9445,0.9445,95.88,94.45,94.45,94.45,1
1,2022,0.946,0.9433,0.9433,94.42,94.33,94.33,94.33,2
1,2022,0.945,0.9431,0.9431,94.75,94.31,94.31,94.31,2
1,2022,0.9447,0.9427,0.9427,95.88,94.27,94.27,94.27,1
1,2022,0.9445,0.9423,0.9423,94.75,94.23,94.23,94.23,2
1,2022,0.9441,0.9419,0.9419,94.75,94.19,94.19,94.19,2
1,2022,0.9434,0.9418,0.9418,95.88,94.18,94.18,94.18,1
1,2022,0.9431,0.9381,0.9381,94.75,93.81,93.81,93.81,2
1,2022,0.9427,0.938,0.938,95.88,93.8,93.8,93.8,1
1,2022,0.9427,0.9257,0.9257,94.75,92.57,92.57,92.57,2
1,2022,0.9423,0.9234,0.9234,94.75,92.34,92.34,92.34,2
1,2022,0.9418,0.9163,0.9163,94.75,91.63,91.63,91.63,2
1,2022,0.9415,0.9137,0.9137,95.88,91.37,91.37,91.37,1
1,2022,0.9375,0.9131,0.9131,95.88,91.31,91.31,91.31,1
1,2022,0.9367,0.9126,0.9126,95.88,91.26,91.26,91.26,1
1,2022,0.9367,0.9068,0.9068,95.88,90.68,90.68,90.68,1
1,2022,0.9347,0.8989,0.8989,95.88,89.89,89.89,89.89,1
1,2022,0.9257,0.8888,0.8888,86.93,88.88,88.88,88.88,3
1,2022,0.9163,0.8605,0.8605,84.91,86.05,86.05,86.05,4
1,2022,0.9137,0.8503,0.8503,84.91,85.03,85.03,85.03,4
1,2022,0.9131,0.9434,0.9434,85.87,94.34,94.34,94.34,3
1,2022,0.9126,0.9427,0.9427,84.91,94.27,94.27,94.27,4
1,2022,0.9068,0.9415,0.9415,84.91,94.15,94.15,94.15,4
1,2022,0.8989,0.9375,0.9375,84.91,93.75,93.75,93.75,4
1,2022,0.8888,0.9367,0.9367,94.75,93.67,93.67,93.67,2
1,2022,0.8748,0.9367,0.9367,94.75,93.67,93.67,93.67,2
3,2022,0.9487,0.9487,0.9487,94.75,94.87,94.87,94.87,2
3,2022,0.9441,0.9441,0.9441,94.75,94.41,94.41,94.41,2
3,2022,0.9353,0.936,0.936,94.75,93.6,93.6,93.6,2
3,2022,0.928,0.9353,0.9353,95.88,93.53,93.53,93.53,1
3,2022,0.9251,0.9338,0.9338,95.88,93.38,93.38,93.38,1
3,2022,0.9225,0.928,0.928,95.88,92.8,92.8,92.8,1
3,2022,0.9185,0.9251,0.9251,95.88,92.51,92.51,92.51,1
3,2022,0.9179,0.9225,0.9225,94.75,92.25,92.25,92.25,2
3,2022,0.9159,0.9185,0.9185,94.75,91.85,91.85,91.85,2
3,2022,0.9119,0.9179,0.9179,95.88,91.79,91.79,91.79,1
3,2022,0.9103,0.9167,0.9167,95.88,91.67,91.67,91.67,1
3,2022,0.9093,0.9159,0.9159,95.88,91.59,91.59,91.59,1
3,2022,0.9082,0.9108,0.9108,95.88,91.08,91.08,91.08,1
3,2022,0.9067,0.9103,0.9103,95.88,91.03,91.03,91.03,1
3,2022,0.9051,0.9093,0.9093,84.91,90.93,90.93,90.93,4
3,2022,0.9046,0.9092,0.9092,94.75,90.92,90.92,90.92,2
3,2022,0.9042,0.9082,0.9082,94.75,90.82,90.82,90.82,2
3,2022,0.9036,0.9056,0.9046,95.88,90.56,90.56,90.46,1
3,2022,0.9031,0.9046,0.9036,94.75,90.46,90.46,90.36,2
3,2022,0.9026,0.9036,0.9031,95.88,90.36,90.36,90.31,1
3,2022,0.902,0.9031,0.902,94.75,90.31,90.31,90.2,2
3,2022,0.9011,0.902,0.9011,95.88,90.2,90.2,90.11,1
3,2022,0.901,0.9011,0.901,95.88,90.11,90.11,90.1,1
3,2022,0.901,0.901,0.9008,94.75,90.1,90.1,90.08,2
3,2022,0.9008,0.9008,0.8974,95.88,90.08,90.08,89.74,1
3,2022,0.8993,0.8993,0.8971,94.75,89.93,89.93,89.71,2
3,2022,0.8964,0.8974,0.895,95.88,89.74,89.74,89.5,1
3,2022,0.8964,0.8971,0.8938,95.88,89.71,89.71,89.38,1
3,2022,0.8938,0.895,0.8933,94.75,89.5,89.5,89.33,2
3,2022,0.8926,0.8938,0.8924,94.75,89.38,89.38,89.24,2
3,2022,0.8924,0.8933,0.8913,94.75,89.33,89.33,89.13,2
3,2022,0.8913,0.8924,0.89,94.75,89.24,89.24,89,2
3,2022,0.89,0.8913,0.8887,94.75,89.13,89.13,88.87,2
3,2022,0.8887,0.89,0.8887,95.88,89,89,88.87,1
3,2022,0.8887,0.8887,0.8882,94.75,88.87,88.87,88.82,2
3,2022,0.8877,0.8887,0.8877,84.91,88.87,88.87,88.77,4
3,2022,0.8867,0.8877,0.8867,94.75,88.77,88.77,88.67,2
3,2022,0.8858,0.8867,0.8846,94.75,88.67,88.67,88.46,2
3,2022,0.8846,0.8846,0.8846,95.88,88.46,88.46,88.46,1
3,2022,0.8846,0.8846,0.8831,84.91,88.46,88.46,88.31,4
3,2022,0.8831,0.8831,0.8779,95.88,88.31,88.31,87.79,1
3,2022,0.8826,0.8826,0.8774,95.88,88.26,88.26,87.74,1
3,2022,0.8813,0.8779,0.8774,94.75,87.79,87.79,87.74,2
3,2022,0.8774,0.8774,0.8749,95.88,87.74,87.74,87.49,1
3,2022,0.8774,0.8774,0.8738,85.87,87.74,87.74,87.38,3
3,2022,0.8749,0.8749,0.8708,94.75,87.49,87.49,87.08,2
3,2022,0.8708,0.8741,0.8684,84.91,87.41,87.41,86.84,4
3,2022,0.8684,0.8708,0.8659,94.75,87.08,87.08,86.59,2
3,2022,0.8659,0.8684,0.8637,84.91,86.84,86.84,86.37,4
3,2022,0.8647,0.8659,0.8636,94.75,86.59,86.59,86.36,2
3,2022,0.8637,0.8637,0.8606,94.75,86.37,86.37,86.06,2
3,2022,0.8636,0.8636,0.858,88.88,86.36,86.36,85.8,3
3,2022,0.8606,0.8606,0.8574,94.75,86.06,86.06,85.74,2
3,2022,0.858,0.858,0.8503,94.75,85.8,85.8,85.03,2
3,2022,0.8574,0.8574,0.8462,86.93,85.74,85.74,84.62,3
3,2022,0.8503,0.8503,0.8431,84.91,85.03,85.03,84.31,4
3,2022,0.8492,0.8462,0.8421,84.91,84.62,84.62,84.21,4
3,2022,0.8462,0.8431,0.8374,86.93,84.31,84.31,83.74,3
3,2022,0.8431,0.8421,0.8335,88.88,84.21,84.21,83.35,3
3,2022,0.8421,0.8374,0.8292,84.91,83.74,83.74,82.92,4
3,2022,0.8292,0.8067,0.8067,81.42,80.67,80.67,80.67,5
3,2022,0.8185,0.7938,0.7938,94.75,79.38,79.38,79.38,2
3,2022,0.8067,0.7656,0.7656,86.93,76.56,76.56,76.56,3
3,2022,0.7938,0.7215,0.7215,84.91,72.15,72.15,72.15,4
3,2022,0.7656,0.7162,0.7162,84.91,71.62,71.62,71.62,4
2,2022,0.8916,0.8874,0.8874,98.88,88.74,88.74,88.74,1
2,2022,0.8907,0.8768,0.8742,98.88,87.68,87.68,87.42,1
2,2022,0.886,0.8742,0.873,93.67,87.42,87.42,87.3,2
2,2022,0.8753,0.873,0.8547,98.88,87.3,87.3,85.47,1
2,2022,0.8742,0.8605,0.8538,98.88,86.05,86.05,85.38,1
2,2022,0.873,0.8547,0.838,90.87,85.47,85.47,83.8,3
2,2022,0.8605,0.8538,0.8379,98.88,85.38,85.38,83.79,1
2,2022,0.8547,0.8453,0.8368,98.88,84.53,84.53,83.68,1
2,2022,0.8538,0.838,0.8368,93.67,83.8,83.8,83.68,2
2,2022,0.8405,0.8368,0.8353,98.88,83.68,83.68,83.53,1
2,2022,0.8395,0.8368,0.8332,98.88,83.68,83.68,83.32,1
2,2022,0.8395,0.8363,0.8321,98.88,83.63,83.63,83.21,1
2,2022,0.8389,0.8353,0.8295,98.88,83.53,83.53,82.95,1
2,2022,0.8384,0.8332,0.8274,93.67,83.32,83.32,82.74,2
2,2022,0.838,0.8321,0.8268,83.23,83.21,83.21,82.68,4
2,2022,0.8379,0.8295,0.8268,93.67,82.95,82.95,82.68,2
2,2022,0.8373,0.8284,0.8263,98.88,82.84,82.84,82.63,1
2,2022,0.8368,0.8277,0.8258,83.01,82.77,82.77,82.58,3
2,2022,0.8368,0.8274,0.8258,80.8,82.74,82.74,82.58,4
2,2022,0.8363,0.8268,0.8256,98.88,82.68,82.68,82.56,1
2,2022,0.8363,0.8268,0.8253,98.88,82.68,82.68,82.53,1
2,2022,0.8353,0.8258,0.8247,93.67,82.58,82.58,82.47,2
2,2022,0.8342,0.8253,0.8247,98.88,82.53,82.53,82.47,1
2,2022,0.8332,0.8253,0.8242,93.67,82.53,82.53,82.42,2
2,2022,0.8325,0.8247,0.8229,98.88,82.47,82.47,82.29,1
2,2022,0.8321,0.8247,0.8226,98.88,82.47,82.47,82.26,1
2,2022,0.8321,0.8242,0.8226,85.76,82.42,82.42,82.26,3
2,2022,0.8305,0.8237,0.8226,98.88,82.37,82.37,82.26,1
2,2022,0.8295,0.8237,0.8221,98.88,82.37,82.37,82.21,1
2,2022,0.8284,0.8229,0.8216,98.88,82.29,82.29,82.16,1
2,2022,0.8277,0.8226,0.8211,98.88,82.26,82.26,82.11,1
2,2022,0.8274,0.8226,0.82,98.88,82.26,82.26,82,1
2,2022,0.8272,0.8226,0.8197,93.67,82.26,82.26,81.97,2
2,2022,0.8268,0.8221,0.8195,82.28,82.21,82.21,81.95,1
2,2022,0.8268,0.8216,0.8195,93.67,82.16,82.16,81.95,2
2,2022,0.8263,0.8211,0.8189,93.67,82.11,82.11,81.89,2
2,2022,0.8258,0.82,0.8184,93.67,82,82,81.84,2
2,2022,0.8258,0.8197,0.818,93.67,81.97,81.97,81.8,2
2,2022,0.8256,0.8195,0.8179,98.88,81.95,81.95,81.79,1
2,2022,0.8253,0.8195,0.8179,98.88,81.95,81.95,81.79,1
2,2022,0.8247,0.8189,0.8179,98.88,81.89,81.89,81.79,1
2,2022,0.8247,0.8184,0.8173,93.67,81.84,81.84,81.73,2
2,2022,0.8229,0.818,0.8163,98.88,81.8,81.8,81.63,1
2,2022,0.8226,0.8179,0.8142,93.67,81.79,81.79,81.42,2
2,2022,0.8226,0.8179,0.8137,98.88,81.79,81.79,81.37,1
2,2022,0.8221,0.8163,0.8132,98.88,81.63,81.63,81.32,1
2,2022,0.8216,0.8142,0.8132,98.88,81.42,81.42,81.32,1
2,2022,0.82,0.8137,0.8127,98.88,81.37,81.37,81.27,1
2,2022,0.8197,0.8132,0.8126,80.8,81.32,81.32,81.26,4
2,2022,0.8195,0.8132,0.8121,98.88,81.32,81.32,81.21,1
2,2022,0.8195,0.8127,0.8121,93.67,81.27,81.27,81.21,2
2,2022,0.8189,0.8126,0.812,98.88,81.26,81.26,81.2,1
2,2022,0.8184,0.8121,0.8116,98.88,81.21,81.21,81.16,1
2,2022,0.818,0.8121,0.8111,93.67,81.21,81.21,81.11,2
2,2022,0.8179,0.812,0.8111,98.88,81.2,81.2,81.11,1
2,2022,0.8179,0.8116,0.8107,98.88,81.16,81.16,81.07,1
2,2022,0.8163,0.8111,0.8105,98.88,81.11,81.11,81.05,1
2,2022,0.8163,0.8111,0.81,83.83,81.11,81.11,81,3
2,2022,0.8147,0.8111,0.81,80.8,81.11,81.11,81,4
2,2022,0.8137,0.8107,0.81,85.76,81.07,81.07,81,3
2,2022,0.8132,0.81,0.8095,98.88,81,81,80.95,1
2,2022,0.8126,0.81,0.8094,98.88,81,81,80.94,1
2,2022,0.8121,0.8095,0.8084,93.67,80.95,80.95,80.84,2
2,2022,0.812,0.8095,0.8084,93.67,80.95,80.95,80.84,2
2,2022,0.8116,0.8094,0.8074,93.67,80.94,80.94,80.74,2
2,2022,0.81,0.8084,0.8068,83.83,80.84,80.84,80.68,3
2,2022,0.81,0.8084,0.8053,93.67,80.84,80.84,80.53,2
2,2022,0.8094,0.8084,0.8053,98.88,80.84,80.84,80.53,1
2,2022,0.8084,0.8074,0.8053,90.87,80.74,80.74,80.53,3
2,2022,0.8074,0.8068,0.8047,85.76,80.68,80.68,80.47,3
2,2022,0.8053,0.8053,0.8037,80.8,80.53,80.53,80.37,4
2,2022,0.8047,0.8053,0.8037,85.76,80.53,80.53,80.37,3
2,2022,0.8037,0.8053,0.8033,85.76,80.53,80.53,80.33,3
2,2022,0.8029,0.8053,0.8032,93.67,80.53,80.53,80.32,2
2,2022,0.8027,0.8047,0.8029,93.67,80.47,80.47,80.29,2
2,2022,0.8026,0.8037,0.8027,80.8,80.37,80.37,80.27,4
2,2022,0.8021,0.8037,0.8026,80.28,80.37,80.37,80.26,2
2,2022,0.8016,0.8032,0.8021,80.8,80.32,80.32,80.21,4
2,2022,0.7995,0.8029,0.8016,83.83,80.29,80.29,80.16,3
2,2022,0.7995,0.8027,0.8016,80.8,80.27,80.27,80.16,4
2,2022,0.7984,0.8026,0.8016,93.67,80.26,80.26,80.16,2
2,2022,0.7974,0.8021,0.8016,93.67,80.21,80.21,80.16,2
2,2022,0.7974,0.8021,0.8011,80.8,80.21,80.21,80.11,4
2,2022,0.7974,0.8016,0.8011,93.67,80.16,80.16,80.11,2
2,2022,0.7968,0.8011,0.7995,93.67,80.11,80.11,79.95,2
2,2022,0.7942,0.7995,0.7984,93.67,79.95,79.95,79.84,2
2,2022,0.7942,0.7995,0.7974,93.67,79.95,79.95,79.74,2
2,2022,0.7921,0.7995,0.7974,93.67,79.95,79.95,79.74,2
2,2022,0.7921,0.7984,0.7974,90.87,79.84,79.84,79.74,3
2,2022,0.7918,0.7974,0.7958,93.67,79.74,79.74,79.58,2
2,2022,0.7911,0.7974,0.7942,80.8,79.74,79.74,79.42,4
2,2022,0.7905,0.7974,0.7942,93.67,79.74,79.74,79.42,2
2,2022,0.7905,0.7963,0.7937,93.67,79.63,79.63,79.37,2
2,2022,0.7895,0.7958,0.7921,80.8,79.58,79.58,79.21,4
2,2022,0.7895,0.7942,0.7921,93.67,79.42,79.42,79.21,2
2,2022,0.7895,0.7942,0.7918,80.8,79.42,79.42,79.18,4
2,2022,0.7889,0.7921,0.7911,93.67,79.21,79.21,79.11,2
2,2022,0.7884,0.7921,0.7905,80.8,79.21,79.21,79.05,4
2,2022,0.7874,0.7918,0.7905,93.67,79.18,79.18,79.05,2
2,2022,0.7868,0.7911,0.7895,80.8,79.11,79.11,78.95,4
2,2022,0.7858,0.7905,0.7895,93.67,79.05,79.05,78.95,2
2,2022,0.7842,0.7905,0.7895,93.67,79.05,79.05,78.95,2
2,2022,0.7826,0.7895,0.7889,78.7,78.95,78.95,78.89,4
2,2022,0.7816,0.7895,0.7884,93.67,78.95,78.95,78.84,2
2,2022,0.7816,0.7895,0.7874,80.8,78.95,78.95,78.74,4
2,2022,0.7811,0.7889,0.7858,93.67,78.89,78.89,78.58,2
2,2022,0.7789,0.7884,0.7842,80.8,78.84,78.84,78.42,4
2,2022,0.7784,0.7874,0.7826,93.67,78.74,78.74,78.26,2
2,2022,0.7753,0.7868,0.7811,93.67,78.68,78.68,78.11,2
2,2022,0.7705,0.7858,0.7789,85.76,78.58,78.58,77.89,3
2,2022,0.7642,0.7842,0.7784,85.76,78.42,78.42,77.84,3
2,2022,0.7526,0.7826,0.7779,90.87,78.26,78.26,77.79,3
2,2022,0.75,0.7821,0.7774,80.8,78.21,78.21,77.74,4
2,2022,0.7184,0.7811,0.7753,80.8,78.11,78.11,77.53,4
2,2022,0.7095,0.7784,0.7674,80.8,77.84,77.84,76.74,4
2,2022,0.7079,0.7674,0.7642,80.8,76.74,76.74,76.42,4
2,2022,0.7058,0.7642,0.7621,80.8,76.42,76.42,76.21,4
2,2022,0.6684,0.8137,0.8137,87.65,81.37,81.37,81.37,1
2,2022,0.6663,0.7921,0.8111,87.65,79.21,79.21,81.11,1
2,2022,0.6453,0.7874,0.7921,87.65,78.74,78.74,79.21,1
2,2022,0.6206,0.7842,0.7874,87.65,78.42,78.42,78.74,1
2,2022,0.6115,0.7789,0.7789,87.65,77.89,77.89,77.89,1
2,2022,0.5795,0.7721,0.7726,85.98,77.21,77.21,77.26,2
2,2022,0.4758,0.7668,0.7721,87.65,76.68,76.68,77.21,1
2,2022,0.6684,0.7632,0.7668,87.65,76.32,76.32,76.68,1
2,2022,0.6663,0.75,0.7663,87.65,75,75,76.63,1
2,2022,0.6453,0.75,0.75,87.65,75,75,75,1
2,2022,0.6206,0.7258,0.75,87.65,72.58,72.58,75,1
2,2022,0.6115,0.7189,0.7258,85.98,71.89,71.89,72.58,2
2,2022,0.5795,0.7063,0.7189,87.65,70.63,70.63,71.89,1
2,2022,0.4758,0.7058,0.7095,87.65,70.58,70.58,70.95,1
2,2022,0.6684,0.6984,0.7063,87.65,69.84,69.84,70.63,1
2,2022,0.6663,0.6968,0.7058,87.65,69.68,69.68,70.58,1
2,2022,0.6453,0.6958,0.6968,67.93,69.58,69.58,69.68,2
2,2022,0.6206,0.6937,0.6937,70.32,69.37,69.37,69.37,4
2,2022,0.6115,0.6911,0.6916,70.32,69.11,69.11,69.16,4
2,2022,0.5795,0.6895,0.6911,87.65,68.95,68.95,69.11,1
2,2022,0.4758,0.6832,0.6895,87.65,68.32,68.32,68.95,1
2,2022,0.6684,0.6742,0.6832,87.65,67.42,67.42,68.32,1
2,2022,0.6663,0.6737,0.6742,70.32,67.37,67.37,67.42,4
2,2022,0.6206,0.6716,0.6721,85.76,67.16,67.16,67.21,3
2,2022,0.6115,0.67,0.6716,87.65,67,67,67.16,1
2,2022,0.5795,0.6689,0.6689,87.65,66.89,66.89,66.89,1
2,2022,0.6963,0.6684,0.6684,70.32,66.84,66.84,66.84,4
2,2022,0.6937,0.6663,0.6663,85.98,66.63,66.63,66.63,2
2,2022,0.6916,0.6453,0.6453,87.65,64.53,64.53,64.53,1
2,2022,0.6911,0.6206,0.6316,85.98,62.06,62.06,63.16,2
2,2022,0.6905,0.6115,0.6206,90.87,61.15,61.15,62.06,3
2,2022,0.6832,0.5795,0.6115,87.65,57.95,57.95,61.15,1
2,2022,0.68,0.4758,0.5795,85.98,47.58,47.58,57.95,2
3,2022,0.8966,0.8805,0.8805,88.58,88.05,88.05,88.05,1
3,2022,0.8857,0.859,0.859,86.79,85.9,85.9,85.9,2
3,2022,0.8829,0.8413,0.8413,88.58,84.13,84.13,84.13,1
3,2022,0.8811,0.84,0.84,88.58,84,84,84,1
3,2022,0.8806,0.8374,0.8328,88.58,83.74,83.74,83.28,1
3,2022,0.8783,0.8328,0.8287,88.58,83.28,83.28,82.87,1
3,2022,0.8773,0.8287,0.8247,86.79,82.87,82.87,82.47,2
3,2022,0.876,0.8247,0.8241,88.58,82.47,82.47,82.41,1
3,2022,0.8747,0.8241,0.82,86.79,82.41,82.41,82,2
3,2022,0.8737,0.82,0.7988,86.79,82,82,79.88,2
3,2022,0.8674,0.7988,0.7774,88.58,79.88,79.88,77.74,1
3,2022,0.8638,0.7774,0.7718,88.58,77.74,77.74,77.18,1
3,2022,0.8634,0.7718,0.7714,88.58,77.18,77.18,77.14,1
3,2022,0.8623,0.7687,0.7687,88.58,76.87,76.87,76.87,1
3,2022,0.8623,0.7656,0.7656,72.63,76.56,76.56,76.56,4
3,2022,0.8606,0.7656,0.7656,88.58,76.56,76.56,76.56,1
3,2022,0.8606,0.7519,0.7519,88.58,75.19,75.19,75.19,1
3,2022,0.8531,0.7508,0.7508,72.63,75.08,75.08,75.08,4
3,2022,0.828,0.7338,0.7338,83.83,73.38,73.38,73.38,3
2,2022,0.898,0.8927,0.9105,82.87,89.27,89.27,91.05,3
2,2022,0.8927,0.8926,0.898,99.99,89.26,89.26,89.8,1
2,2022,0.8926,0.8721,0.8927,95.95,87.21,87.21,89.27,2
2,2022,0.8821,0.8653,0.8926,99.99,86.53,86.53,89.26,1
2,2022,0.882,0.8653,0.8721,99.99,86.53,86.53,87.21,1
2,2022,0.8723,0.8642,0.8653,75.9,86.42,86.42,86.53,4
2,2022,0.8721,0.8616,0.8653,95.95,86.16,86.16,86.53,2
2,2022,0.8653,0.8609,0.8642,95.95,86.09,86.09,86.42,2
2,2022,0.8642,0.8595,0.8609,95.95,85.95,85.95,86.09,2
2,2022,0.8616,0.8504,0.8605,99.99,85.04,85.04,86.05,1
2,2022,0.8611,0.8484,0.8595,99.99,84.84,84.84,85.95,1
2,2022,0.8605,0.8477,0.8537,90.99,84.77,84.77,85.37,3
2,2022,0.8595,0.847,0.8504,90.99,84.7,84.7,85.04,3
2,2022,0.8537,0.8432,0.8484,95.95,84.32,84.32,84.84,2
2,2022,0.8537,0.8405,0.8477,99.99,84.05,84.05,84.77,1
2,2022,0.8504,0.84,0.847,99.99,84,84,84.7,1
2,2022,0.8484,0.8384,0.8405,95.95,83.84,83.84,84.05,2
2,2022,0.847,0.8379,0.84,95.95,83.79,83.79,84,2
2,2022,0.8456,0.8374,0.8384,99.99,83.74,83.74,83.84,1
2,2022,0.8442,0.8373,0.8374,95.95,83.73,83.73,83.74,2
2,2022,0.8432,0.8363,0.8373,99.99,83.63,83.63,83.73,1
2,2022,0.8416,0.8353,0.8363,99.99,83.53,83.53,83.63,1
2,2022,0.8407,0.8342,0.8353,99.99,83.42,83.42,83.53,1
2,2022,0.84,0.8326,0.8342,95.95,83.26,83.26,83.42,2
2,2022,0.8389,0.8326,0.8337,99.99,83.26,83.26,83.37,1
2,2022,0.8384,0.8295,0.8326,99.99,82.95,82.95,83.26,1
2,2022,0.8379,0.8295,0.8326,99.99,82.95,82.95,83.26,1
2,2022,0.8379,0.8293,0.8295,99.99,82.93,82.93,82.95,1
2,2022,0.8374,0.8284,0.8293,95.95,82.84,82.84,82.93,2
2,2022,0.8373,0.828,0.8284,95.95,82.8,82.8,82.84,2
2,2022,0.8353,0.8279,0.828,99.99,82.79,82.79,82.8,1
2,2022,0.8342,0.8279,0.8279,99.99,82.79,82.79,82.79,1
2,2022,0.8337,0.8274,0.8279,95.95,82.74,82.74,82.79,2
2,2022,0.8326,0.8272,0.8274,95.95,82.72,82.72,82.74,2
2,2022,0.8326,0.8263,0.8272,95.95,82.63,82.63,82.72,2
2,2022,0.8305,0.8258,0.8263,95.95,82.58,82.58,82.63,2
2,2022,0.8295,0.8253,0.8258,95.95,82.53,82.53,82.58,2
2,2022,0.8295,0.8253,0.8253,85.76,82.53,82.53,82.53,3
2,2022,0.8293,0.8247,0.8253,95.95,82.47,82.47,82.53,2
2,2022,0.828,0.8242,0.8247,95.95,82.42,82.42,82.47,2
2,2022,0.8279,0.8242,0.8242,95.95,82.42,82.42,82.42,2
2,2022,0.8279,0.8237,0.8242,75.9,82.37,82.37,82.42,4
2,2022,0.8258,0.8221,0.8237,85.76,82.21,82.21,82.37,3
2,2022,0.8258,0.8221,0.8221,95.95,82.21,82.21,82.21,2
2,2022,0.8242,0.8213,0.8221,99.99,82.13,82.13,82.21,1
2,2022,0.8242,0.8211,0.8211,95.95,82.11,82.11,82.11,2
2,2022,0.8242,0.8205,0.8205,95.95,82.05,82.05,82.05,2
2,2022,0.8232,0.82,0.82,95.95,82,82,82,2
2,2022,0.8221,0.82,0.82,95.95,82,82,82,2
2,2022,0.8211,0.8195,0.8195,75.9,81.95,81.95,81.95,4
2,2022,0.82,0.8189,0.8189,95.95,81.89,81.89,81.89,2
2,2022,0.8195,0.8189,0.8184,95.95,81.89,81.89,81.84,2
2,2022,0.8189,0.8184,0.8179,95.95,81.84,81.84,81.79,2
2,2022,0.8184,0.8179,0.8179,95.95,81.79,81.79,81.79,2
2,2022,0.8179,0.8179,0.817,75.9,81.79,81.79,81.7,4
2,2022,0.8158,0.817,0.8121,82.87,81.7,81.7,81.21,3
2,2022,0.8132,0.8163,0.8111,75.9,81.63,81.63,81.11,4
2,2022,0.8121,0.8132,0.81,90.99,81.32,81.32,81,3
2,2022,0.8111,0.8121,0.8089,75.9,81.21,81.21,80.89,4
2,2022,0.81,0.8111,0.8084,75.9,81.11,81.11,80.84,4
2,2022,0.8095,0.81,0.8084,75.9,81,81,80.84,4
2,2022,0.8089,0.8089,0.8084,95.95,80.89,80.89,80.84,2
2,2022,0.8084,0.8084,0.8074,95.95,80.84,80.84,80.74,2
2,2022,0.8084,0.8084,0.8063,75.9,80.84,80.84,80.63,4
2,2022,0.8084,0.8084,0.8053,75.9,80.84,80.84,80.53,4
2,2022,0.8084,0.8081,0.8021,75.9,80.81,80.81,80.21,4
2,2022,0.8074,0.8074,0.7895,82.87,80.74,80.74,78.95,3
2,2022,0.8063,0.8063,0.7869,75.9,80.63,80.63,78.69,4
2,2022,0.8058,0.8058,0.7868,75.9,80.58,80.58,78.68,4
2,2022,0.8021,0.8021,0.7826,95.95,80.21,80.21,78.26,2
2,2022,0.8021,0.7895,0.7816,79.1,78.95,78.95,78.16,5
2,2022,0.8019,0.7826,0.7768,95.95,78.26,78.26,77.68,2
2,2022,0.7826,0.7747,0.7747,79.1,77.47,77.47,77.47,5
2,2022,0.7758,0.7605,0.7605,79.1,76.05,76.05,76.05,5
2,2022,0.7747,0.7584,0.7584,79.1,75.84,75.84,75.84,5
2,2022,0.7663,0.7532,0.7532,79.1,75.32,75.32,75.32,5
2,2022,0.7605,0.6358,0.74,79.1,63.58,63.58,74,5
3,2022,0.8795,0.8723,0.8723,99.99,87.23,87.23,87.23,1
3,2022,0.879,0.8718,0.8672,95.95,87.18,87.18,86.72,2
3,2022,0.8774,0.8672,0.86,99.99,86.72,86.72,86,1
3,2022,0.8723,0.86,0.855,99.99,86,86,85.5,1
3,2022,0.8718,0.855,0.8533,99.99,85.5,85.5,85.33,1
3,2022,0.8672,0.8533,0.8487,99.99,85.33,85.33,84.87,1
3,2022,0.8667,0.8487,0.8472,99.99,84.87,84.87,84.72,1
3,2022,0.86,0.8472,0.8467,99.99,84.72,84.72,84.67,1
3,2022,0.86,0.8467,0.8431,99.99,84.67,84.67,84.31,1
3,2022,0.859,0.8456,0.8431,99.99,84.56,84.56,84.31,1
3,2022,0.8559,0.8431,0.8429,99.99,84.31,84.31,84.29,1
3,2022,0.855,0.8431,0.8426,95.95,84.31,84.31,84.26,2
3,2022,0.8472,0.8429,0.8421,95.95,84.29,84.29,84.21,2
3,2022,0.8447,0.8426,0.8418,95.95,84.26,84.26,84.18,2
3,2022,0.8441,0.8421,0.841,99.99,84.21,84.21,84.1,1
3,2022,0.8431,0.8418,0.839,75.9,84.18,84.18,83.9,4
3,2022,0.8431,0.841,0.8385,99.99,84.1,84.1,83.85,1
3,2022,0.8429,0.839,0.8385,99.99,83.9,83.9,83.85,1
3,2022,0.8427,0.8385,0.8379,99.99,83.85,83.85,83.79,1
3,2022,0.8426,0.8385,0.8374,95.95,83.85,83.85,83.74,2
3,2022,0.8418,0.8379,0.8353,95.95,83.79,83.79,83.53,2
3,2022,0.841,0.8374,0.8328,99.99,83.74,83.74,83.28,1
3,2022,0.8405,0.8353,0.8328,99.99,83.53,83.53,83.28,1
3,2022,0.839,0.8333,0.8324,95.95,83.33,83.33,83.24,2
3,2022,0.8379,0.8328,0.8313,95.95,83.28,83.28,83.13,2
3,2022,0.8374,0.8328,0.8303,95.95,83.28,83.28,83.03,2
3,2022,0.8353,0.8324,0.8292,95.95,83.24,83.24,82.92,2
3,2022,0.8324,0.8303,0.8262,95.95,83.03,83.03,82.62,2
3,2022,0.8306,0.8262,0.8246,85.76,82.62,82.62,82.46,3
3,2022,0.8303,0.8251,0.8241,95.95,82.51,82.51,82.41,2
3,2022,0.8262,0.8246,0.8241,95.95,82.46,82.46,82.41,2
3,2022,0.8251,0.8241,0.8236,95.95,82.41,82.41,82.36,2
3,2022,0.8251,0.8241,0.8236,95.95,82.41,82.41,82.36,2
3,2022,0.8246,0.8236,0.8226,95.95,82.36,82.36,82.26,2
3,2022,0.8215,0.8236,0.8215,95.95,82.36,82.36,82.15,2
3,2022,0.8211,0.8231,0.8211,90.99,82.31,82.31,82.11,3
3,2022,0.821,0.8226,0.821,95.95,82.26,82.26,82.1,2
3,2022,0.82,0.8215,0.8205,95.95,82.15,82.15,82.05,2
3,2022,0.8174,0.8211,0.82,95.95,82.11,82.11,82,2
3,2022,0.8159,0.821,0.8164,75.9,82.1,82.1,81.64,4
3,2022,0.8147,0.8205,0.8159,95.95,82.05,82.05,81.59,2
3,2022,0.8144,0.82,0.8147,75.9,82,82,81.47,4
3,2022,0.8123,0.8179,0.8144,75.9,81.79,81.79,81.44,4
3,2022,0.8067,0.8171,0.8133,75.9,81.71,81.71,81.33,4
3,2022,0.8031,0.8159,0.8123,85.76,81.59,81.59,81.23,3
3,2022,0.7959,0.8147,0.8123,99.99,81.47,81.47,81.23,1
3,2022,0.7949,0.8144,0.8113,75.9,81.44,81.44,81.13,4
3,2022,0.7877,0.8123,0.8037,99.99,81.23,81.23,80.37,1
3,2022,0.7831,0.8037,0.8031,75.9,80.37,80.37,80.31,4
3,2022,0.7817,0.8031,0.7982,75.9,80.31,80.31,79.82,4
3,2022,0.7815,0.7982,0.7967,85.76,79.82,79.82,79.67,3
3,2022,0.781,0.7959,0.7959,75.9,79.59,79.59,79.59,4
3,2022,0.7764,0.7949,0.7949,82.87,79.49,79.49,79.49,3
3,2022,0.7754,0.7938,0.7938,75.9,79.38,79.38,79.38,4
3,2022,0.7713,0.7903,0.7903,75.9,79.03,79.03,79.03,4
3,2022,0.7708,0.7831,0.7831,99.99,78.31,78.31,78.31,1
3,2022,0.7626,0.7815,0.7815,99.99,78.15,78.15,78.15,1
3,2022,0.7528,0.7754,0.7754,99.99,77.54,77.54,77.54,1
3,2022,0.7497,0.7708,0.7708,90.99,77.08,77.08,77.08,3
3,2022,0.7497,0.7626,0.7626,99.99,76.26,76.26,76.26,1
3,2022,0.7344,0.7549,0.7528,99.99,75.49,75.49,75.28,1
3,2022,0.7231,0.7497,0.7497,95.95,74.97,74.97,74.97,2
3,2022,0.6429,0.7497,0.7344,95.95,74.97,74.97,73.44,2
